{
	"identifiers": [
		{
			"identifier": "10.1111/j.1521-0391.2012.00223.x",
			"identifierSource": ""
		}
	],
	"title": "The Short Inventory of Problems-Modified for Drug Use (SIP-DU): Validity in a primary care sample",
	"type": [
		{
			"ontologyTermIRI": "http://purl.org/spar/fabio/",
			"value": "JournalArticle"

		}
	],
	"publicationVenue": "American Journal on Addictions", 
	"dates": [
		{
			"date": "2012-05-01 00:00:00.0",
			"type": {
				"ontologyTermIRI": "",
				"value": "publication date"
			}
		}
	],
	"authors": [
		{
			"fullName": "Allensworth-Davies, Donald"
		}, 
		{
			"fullName": "Cheng, Debbie M."
		}, 
		{
			"fullName": "Smith, Peter C."
		}, 
		{
			"fullName": "Samet, Jeffrey H."
		}, 		
		{
			"fullName": "Saitz, Richard"
		}
	]
}